ACC Macro,ARI,Bangdiwala B,Bennett S,Braun_Blanke,CBA,Chi-Squared DF,Conditional Entropy,Cross Entropy,F1 Macro,F1 Micro,FNR Micro,FPR Micro,Gwet AC1,Hamming Loss,Jaccard,Joint Entropy,Kappa,Kappa No Prevalence,Kappa Standard Error,Kappa Unbiased,Krippendorff Alpha,Mutual Information,NIR,Overall ACC,Overall CEN,Overall MCEN,Overall RACC,Overall RACCU,PPV Micro,RR,Reference Entropy,Response Entropy,Scott PI,Sorensen,Standard Error,TNR Micro,TPR Micro,mark_1,mark_2,mark_3,mark_4,mark_5
0.9494400024414062,0.06336659185115685,0.9492350934764308,0.8988800048828125,0.03665264652865025,0.4930466886885431,1.0,0.013380088427613441,0.471512340765322,0.5222963694514938,0.9494400024414062,0.05055999755859375,0.05055999755859375,0.9466148700062056,0.05055999755859375,0.036580711988224386,0.3097887668727721,0.06694526634121183,0.8988800048828125,0.00227969516031618,0.04459273890298776,0.044592890760882194,0.007637641838513497,0.9476232528686525,0.9494400024414062,0.13686501906666304,0.11121036472273696,0.94581239906438,0.9470801619190752,0.9494400024414062,1572864.0,0.2964086784451585,0.021017730266126942,0.04459273890298776,0.07057957294625013,0.0001235312116020777,0.9494400024414062,0.9494400024414062,1,0,0,0,0
0.8685264587402344,0.010118092893671231,0.8682857877373396,0.7370529174804688,0.006908276244606286,0.4376571913373617,1.0,0.007879197367912448,1.3375520804340495,0.471645330398722,0.8685264587402344,0.13147354125976562,0.13147354125976562,0.8498444188863764,0.13147354125976562,0.006908276244606286,0.5718306101839702,0.011926827257269231,0.7370529174804688,0.001431861032498794,-0.056709339202555935,-0.05670917124313012,0.0026719172262896704,0.8676118850708008,0.8685264587402344,0.25292728704020706,0.192992421884272,0.8669394687694876,0.8755821147951792,0.8685264587402344,1572864.0,0.5639514128160579,0.010551114594202118,-0.056709339202555935,0.013721758788936743,0.00019052418963255957,0.8685264587402344,0.8685264587402344,0,0,0,0,1
0.8184757232666016,0.02653740070607437,0.8073742694238042,0.6369514465332031,0.05333594953802827,0.4457043498382372,1.0,0.6452679922552809,0.3398008192282346,0.4938572750261456,0.8184757232666016,0.18152427673339844,0.18152427673339844,0.7788120219454482,0.18152427673339844,0.04630631713965047,0.8588572598715517,0.034177367700352214,0.6369514465332031,0.0011563048247292462,-0.012285449947708893,-0.012285289049270018,0.0014586308948614235,0.966099739074707,0.8184757232666016,0.41779197973188376,0.3336778251540123,0.812052160859821,0.8206787653198262,0.8184757232666016,1572864.0,0.2135892676162708,0.6467266231501423,-0.012285449947708893,0.08851388237096912,0.0002173249931952252,0.8184757232666016,0.8184757232666016,0,0,0,1,0
0.7344875335693359,-0.024143559225651333,0.7199528610771879,0.4689750671386719,0.01070434851737022,0.3829117988011701,1.0,0.791131461243108,0.4468974010469071,0.43272270690569936,0.7344875335693359,0.2655124664306641,0.2655124664306641,0.6533673344129007,0.2655124664306641,0.0095801183196195,0.989139117307195,-0.037538124018318506,0.4689750671386719,0.000972956078477816,-0.13455458618860125,-0.13455440585600653,0.003784713191689049,0.9692764282226562,0.7344875335693359,0.4920929233860694,0.3848662290899328,0.7440937732462771,0.7659764724739944,0.7344875335693359,1572864.0,0.19800765606408705,0.794916174434797,-0.13455458618860125,0.018978421119395617,0.00024898551884035687,0.7344875335693359,0.7344875335693359,0,0,0,1,0
0.7446308135986328,0.12703807624040536,0.6924927628316817,0.4892616271972656,0.22575077545704705,0.4949227831762906,1.0,0.8086247284409966,0.6089721550326387,0.5837941604725082,0.7446308135986328,0.2553691864013672,0.2553691864013672,0.6316176088632198,0.2553691864013672,0.19407567033952636,1.2962182483211695,0.2035522535271852,0.4892616271972656,0.0007668015097171887,0.16758832094501644,0.16758845325328958,0.03627068737546102,0.8940448760986328,0.7446308135986328,0.5832586015582737,0.4498394322775448,0.6793647950762534,0.693217679632653,0.7446308135986328,1572864.0,0.4875935198801732,0.8448954158164577,0.16758832094501644,0.3250642738317286,0.0002458635592040091,0.7446308135986328,0.7446308135986328,0,0,1,0,0
0.7554101943969727,0.0015057122408623062,0.7492866730295621,0.5108203887939453,0.014041797350060808,0.3879651595003215,1.0,0.7923265717312479,0.4144832985971885,0.4433870008773693,0.7554101943969727,0.2445898056030273,0.2445898056030273,0.6865388147426753,0.2445898056030273,0.013500986610560005,0.8917617705012912,0.0022274687444412025,0.5108203887939453,0.0009886514425581556,-0.1132259982452614,-0.1132258213027544,2.2818739222052464e-05,0.9871034622192384,0.7554101943969727,0.4100030884686429,0.30843957111322984,0.7548641619796399,0.7802873756195368,0.7554101943969727,1572864.0,0.09943519877004332,0.7923493904704699,-0.1132259982452614,0.026642276206777463,0.0002423538998815313,0.7554101943969727,0.7554101943969727,0,1,0,0,0
0.975299835205078,0.0,0.975299835205078,0.9505996704101562,0.0,0.4876499176025391,1.0,0.16707351090067685,0.03608228190789188,0.4937477429110509,0.975299835205078,0.024700164794921875,0.024700164794921875,0.9746822046578172,0.024700164794921875,0.0,0.16707351090067685,0.0,0.9505996704101562,0.0035428973215732326,-0.0125045141778982,-0.012504353244641312,0.0,1.0,0.975299835205078,0.0780698995702447,0.06594123365104336,0.975299835205078,0.9756048842755264,0.975299835205078,1572864.0,-0.0,0.16707351090067685,-0.0125045141778982,0.0,8.751014769434617e-05,0.975299835205078,0.975299835205078,0,1,0,0,0
0.8572292327880859,0.0,0.8572292327880859,0.7144584655761719,0.0,0.42861461639404297,1.0,0.5914494568197254,0.2222470459936475,0.4615635041998597,0.8572292327880859,0.14277076721191406,0.14277076721191406,0.8354077538984224,0.14277076721191406,0.0,0.5914494568197254,0.0,0.7144584655761719,0.00138155524414688,-0.07687299160028058,-0.07687282043592822,0.0,1.0,0.8572292327880859,0.2642243866335711,0.20046639604658625,0.8572292327880859,0.8674209787732252,0.8572292327880859,1572864.0,-0.0,0.5914494568197254,-0.07687299160028058,0.0,0.00019724570215249332,0.8572292327880859,0.8572292327880859,0,1,0,0,0
0.8966493606567383,-0.006420784428336375,0.8930152384903203,0.7932987213134766,0.017089689932946312,0.4659714251267186,1.0,0.14961446958441552,0.4983435986444117,0.4863471787652996,0.8966493606567383,0.10335063934326172,0.10335063934326172,0.8850888900531685,0.10335063934326172,0.013822913822913823,0.5683695817244039,-0.00725647166817135,0.7932987213134766,0.0016727622546955322,-0.027305642469400808,-0.02730547918356606,6.544934462501817e-05,0.9152336120605468,0.8966493606567383,0.2921909941169865,0.2434536948109497,0.897393918778107,0.8993964064143256,0.8966493606567383,1572864.0,0.4187551121399884,0.14967991892904053,-0.027305642469400808,0.027268892100279152,0.0001716355797702066,0.8966493606567383,0.8966493606567383,0,0,1,0,0
0.9444570541381836,0.0,0.9444570541381836,0.8889141082763672,0.0,0.4722285270690918,1.0,-0.0,-0.0,0.4857176208279812,0.9444570541381836,0.055542945861816406,0.055542945861816406,0.9412864994852116,0.055542945861816406,0.0,0.30949188530957344,0.0,0.8889141082763672,0.002324963120765897,-0.028564758344037575,-0.028564594858071425,0.0,0.9444570541381836,0.9444570541381836,0.14245709922407668,0.11581405424043002,0.9444570541381836,0.945999563555688,0.9444570541381836,1572864.0,0.30949188530957344,-0.0,-0.028564758344037575,0.0,0.00012913530074741997,0.9444570541381836,0.9444570541381836,1,0,0,0,0
0.9663190841674804,-0.0029059294119252953,0.9662179906461243,0.9326381683349608,0.0,0.4839214843470162,1.0,0.204773585364332,0.05481667293559408,0.4914355416413049,0.9663190841674804,0.03368091583251953,0.03368091583251953,0.9651655873986664,0.03368091583251953,0.0,0.2217034683419473,-0.003010859601505409,0.9326381683349608,0.003029098412978882,-0.01712891671739009,-0.017128755049103817,7.418703242165203e-05,0.9984254837036132,0.9663190841674804,0.1079853923408827,0.09155756852238336,0.9664201882660564,0.9668862862131392,0.9663190841674804,1572864.0,0.01692988297761524,0.20484777239675367,-0.01712891671739009,0.0,0.00010171655443141832,0.9663190841674804,0.9663190841674804,0,0,1,0,0
0.8330545425415039,0.17076989978608334,0.8055419373722639,0.6661090850830078,0.3109836927107437,0.6078405090670964,1.0,0.5074176911560032,0.5321826712327079,0.6083794364993367,0.8330545425415039,0.1669454574584961,0.1669454574584961,0.7878314667624691,0.1669454574584961,0.18466059934234427,1.0395979285658739,0.2167595341295844,0.6661090850830078,0.0009864701498880331,0.21675887299867352,0.2167589974914981,0.026476362722320457,0.8790168762207031,0.8330545425415039,0.4954109959121133,0.4024598561714934,0.7868528699254966,0.7868530498421933,0.8330545425415039,1572864.0,0.532180237409871,0.5338940538783237,0.21675887299867352,0.3117527491753457,0.00021026328135279951,0.8330545425415039,0.8330545425415039,0,1,0,0,0
0.9578409194946288,-0.017044626852492844,0.9571030113498236,0.9156818389892578,0.0,0.4849400324462127,1.0,0.09585167242599847,0.205836320651682,0.489233272201642,0.9578409194946288,0.04215908050537109,0.04215908050537109,0.9560260996318032,0.04215908050537109,0.0,0.2889684087680798,-0.017828737305340646,0.9156818389892578,0.002735364791790294,-0.021533455596715937,-0.02153329322834505,0.0005442186082746937,0.9702539443969728,0.9578409194946288,0.15358625465393833,0.13315462471295111,0.9585793965525228,0.958729613529158,0.9578409194946288,1572864.0,0.19311673634208126,0.09639589103427317,-0.021533455596715937,0.0,0.00011330046032493716,0.9578409194946288,0.9578409194946288,0,0,0,0,1
0.8787050247192383,-0.01250055385520374,0.8769750495402129,0.7574100494384766,0.0,0.4427281489859992,1.0,0.5095557914691649,0.19667638875770851,0.4677184620031321,0.8787050247192383,0.12129497528076172,0.12129497528076172,0.8631076871041529,0.12129497528076172,0.0,0.5741539016577517,-0.014497865677473841,0.7574100494384766,0.0015395390298307912,-0.06456307599373592,-0.06456290678599164,0.0013327383183138195,0.992375373840332,0.8787050247192383,0.2808305159829283,0.2256571574763063,0.8804384125542128,0.8860612602334186,0.8787050247192383,1572864.0,0.06459811018858701,0.5108885297874787,-0.06456307599373592,0.0,0.00018406973034131648,0.8787050247192383,0.8787050247192383,0,0,0,1,0
0.9689321517944336,-0.00994299356756053,0.9686163629910068,0.9378643035888672,0.0,0.4875885554790898,1.0,0.16664980746014715,0.07000421006280208,0.4921104827870143,0.9689321517944336,0.031067848205566406,0.031067848205566406,0.9679519545491592,0.031067848205566406,0.0,0.22252335718582295,-0.01027224910335008,0.9378643035888672,0.003181038577401003,-0.015779034425971446,-0.015778872972242067,0.0002314761927601772,0.993596076965332,0.9689321517944336,0.11578793780826327,0.1006048722713243,0.969248043551488,0.9694147573904957,0.9689321517944336,1572864.0,0.055873549725675806,0.16688128365290733,-0.015779034425971446,0.0,9.782315979327196e-05,0.9689321517944336,0.9689321517944336,0,0,0,1,0
0.9711198806762696,0.0,0.9711198806762696,0.9422397613525392,0.0,0.4855599403381348,1.0,-0.0,-0.0,0.4926741849628593,0.9711198806762696,0.02888011932373047,0.02888011932373047,0.9702737806591186,0.02888011932373047,0.0,0.1887442416546518,0.0,0.9422397613525392,0.003269462397781609,-0.014651630074281437,-0.014651468799749453,0.0,0.9711198806762696,0.9711198806762696,0.0879803234295953,0.07384328088654013,0.9711198806762696,0.9715369113223459,0.9711198806762696,1572864.0,0.1887442416546518,-0.0,-0.014651630074281437,0.0,9.44224641723828e-05,0.9711198806762696,0.9711198806762696,0,0,0,0,1
0.9469671249389648,0.0,0.9469671249389648,0.8939342498779297,0.0,0.4734835624694824,1.0,-0.0,-0.0,0.4863806444439329,0.9469671249389648,0.05303287506103516,0.05303287506103516,0.9440801725792464,0.05303287506103516,0.0,0.2991432994384867,0.0,0.8939342498779297,0.002382507525386937,-0.0272387111121343,-0.027238547836939086,0.0,0.9469671249389648,0.9469671249389648,0.13783768592505294,0.11234932981659912,0.9469671249389648,0.9483733678575844,0.9469671249389648,1572864.0,0.2991432994384867,-0.0,-0.0272387111121343,0.0,0.00012635122392582149,0.9469671249389648,0.9469671249389648,1,0,0,0,0
0.8382644653320312,0.3201521312145608,0.7989719937649873,0.6765289306640625,0.4065234118954658,0.6352332765138824,1.0,0.6177430369553172,0.5708615996492881,0.7028819391467366,0.8382644653320312,0.16173553466796875,0.16173553466796875,0.7777827366170558,0.16173553466796875,0.3353998565712696,1.1590543060737029,0.41209792835162495,0.6765289306640625,0.0007546267752092602,0.4057638782934732,0.4057639727447612,0.10574404863438393,0.8758010864257812,0.8382644653320312,0.4886357125152886,0.3847780066292269,0.7248937493714038,0.7278261472838494,0.8382644653320312,1572864.0,0.5413112691183859,0.7234870855897011,0.4057638782934732,0.502321240968876,0.000207602542751768,0.8382644653320312,0.8382644653320312,0,0,0,0,1
0.8609704971313477,0.0,0.8609704971313477,0.7219409942626953,0.0,0.4304852485656738,1.0,0.581691513252506,0.21596429323684865,0.4626459680357738,0.8609704971313477,0.13902950286865234,0.13902950286865234,0.8403125452744499,0.13902950286865234,0.0,0.581691513252506,0.0,0.7219409942626953,0.0014030723492564061,-0.07470806392845228,-0.0747078931082062,0.0,1.0,0.8609704971313477,0.2601653675465074,0.19787631417087814,0.8609704971313477,0.8706350984653001,0.8609704971313477,1572864.0,-0.0,0.581691513252506,-0.07470806392845228,0.0,0.0001950684512058703,0.8609704971313477,0.8609704971313477,0,0,0,1,0
0.8397111892700195,0.3031654409935524,0.80032913627922,0.6794223785400391,0.4801097646322148,0.6923159792279917,1.0,0.5354127288810149,0.623071461127943,0.6936083861337747,0.8397111892700195,0.16028881072998047,0.16028881072998047,0.7829314769026706,0.16028881072998047,0.3175506127122567,1.158475716333285,0.3872185698869188,0.6794223785400391,0.0007907849196103689,0.38721677226754936,0.3872168696668203,0.08461553813116629,0.8446521759033203,0.8397111892700195,0.5087342034408355,0.4071775124487701,0.7384241707513866,0.7384249380925212,0.8397111892700195,1572864.0,0.6230629874522703,0.6200282670121812,0.38721677226754936,0.4820317483797602,0.0002068502211043804,0.8397111892700195,0.8397111892700195,0,1,0,0,0
0.838160514831543,0.067199750273472,0.8241676344613369,0.6763210296630859,0.10367690148139062,0.485751668097224,1.0,0.2846864942017312,0.6660840430389271,0.5312969163509802,0.838160514831543,0.16183948516845706,0.16183948516845706,0.8043890551194366,0.16183948516845706,0.08228060308464384,0.8688088065305944,0.083639357401306,0.6763210296630859,0.0011757830599822751,0.06259383270196034,0.06259398169865797,0.005539405566319266,0.8600444793701172,0.838160514831543,0.4255219679844297,0.34537372202179,0.823388873719523,0.8273539359838651,0.838160514831543,1572864.0,0.5841223123288632,0.2902258997680505,0.06259383270196034,0.15205040698342587,0.00020765637048497526,0.838160514831543,0.838160514831543,0,0,0,0,1
0.8643522262573242,0.0,0.8643522262573242,0.7287044525146484,0.0,0.4321761131286621,1.0,0.5727262372082966,0.21030875990226644,0.4636206689293396,0.8643522262573242,0.13564777374267578,0.13564777374267578,0.8447170702164132,0.13564777374267578,0.0,0.5727262372082966,0.0,0.7287044525146484,0.0014232410393978134,-0.07275866214132072,-0.07275849163092371,0.0,1.0,0.8643522262573242,0.2564242903979895,0.19547269619267774,0.8643522262573242,0.8735523855179963,0.8643522262573242,1572864.0,-0.0,0.5727262372082966,-0.07275866214132072,0.0,0.00019305947849352527,0.8643522262573242,0.8643522262573242,0,1,0,0,0
0.880650520324707,0.03495249949642895,0.8755019549142842,0.7613010406494141,0.0486873334727691,0.4731975693929133,1.0,0.4826174034009324,0.2362086446382423,0.507505521692334,0.880650520324707,0.11934947967529295,0.11934947967529295,0.864195288466387,0.11934947967529295,0.04102650554401882,0.6496302194624576,0.04046851763760577,0.7613010406494141,0.0014695696614838221,0.015011043384667947,0.015011199944446562,0.0016366751432799198,0.975311279296875,0.880650520324707,0.320842122666743,0.2630311071745119,0.875616921519395,0.878831657072169,0.880650520324707,1572864.0,0.16701281606152513,0.4842540785442123,0.015011043384667947,0.07881932943211513,0.0001827895985370584,0.880650520324707,0.880650520324707,0,0,1,0,0
0.9600954055786132,-0.004686287474378438,0.959901282077022,0.9201908111572266,0.0,0.4813003240435743,1.0,0.22963932286282204,0.06705028406718869,0.4898207520134442,0.9600954055786132,0.03990459442138672,0.03990459442138672,0.958471283676079,0.03990459442138672,0.0,0.2557344780216837,-0.004889464848442531,0.9201908111572266,0.0027790953931919665,-0.020358495973111585,-0.02035833379149545,0.000142927552623906,0.9973974227905272,0.9600954055786132,0.12597639017416887,0.1066042283971292,0.9602895683383394,0.960891593906581,0.9600954055786132,1572864.0,0.026095155158861717,0.22978225041544595,-0.020358495973111585,0.0,0.00011035907769258523,0.9600954055786132,0.9600954055786132,0,0,1,0,0
0.9120922088623048,0.1582109803533498,0.9059323743002028,0.8241844177246094,0.21571843274892166,0.5837336544789242,1.0,0.3061701019217588,0.30678553357290195,0.5877178268616126,0.9120922088623048,0.08790779113769531,0.08790779113769531,0.9016018661255192,0.08790779113769531,0.124873019339036,0.6128094356916975,0.17547780627198975,0.8241844177246094,0.0014974331912972446,0.175435653723225,0.17543578478419822,0.013880315231080742,0.9451532363891602,0.9120922088623048,0.2981887500987532,0.2496605090714632,0.8933833536484599,0.8933888039973681,0.9120922088623048,1572864.0,0.3066393337699388,0.32005041715283955,0.175435653723225,0.2220215387731677,0.00015965130499159642,0.9120922088623048,0.9120922088623048,0,0,1,0,0
0.8609151840209961,0.04932611722071066,0.8506048246689045,0.7218303680419922,0.08579395764190646,0.4894356854616224,1.0,0.26972113281233384,0.554099726543131,0.5226995747196379,0.8609151840209961,0.1390848159790039,0.1390848159790039,0.8371945148794809,0.1390848159790039,0.06434808270941997,0.7741215458012625,0.05894661162156006,0.7218303680419922,0.001320061006144144,0.04539914943927575,0.04539930116899494,0.002590385324801769,0.8885078430175781,0.8609151840209961,0.38858320257398055,0.32008806108512433,0.8522030548992916,0.8543005530559641,0.8609151840209961,1572864.0,0.5044004129889287,0.2723115181371356,0.04539914943927575,0.12091548574149645,0.00019510098405467192,0.8609151840209961,0.8609151840209961,0,0,1,0,0
0.846867561340332,0.12723266236523087,0.8316694954920291,0.6937351226806641,0.15657155195098746,0.5151408237527261,1.0,0.5707534339852668,0.3657391068254645,0.5696364821952925,0.846867561340332,0.15313243865966794,0.15313243865966794,0.8137277608515469,0.15313243865966794,0.12626784781473094,0.8823196445065388,0.15651705622422588,0.6937351226806641,0.0011183812325115544,0.13927296439058506,0.13927310119946315,0.01698713551352804,0.9439487457275392,0.846867561340332,0.4172377738974433,0.3365430484322242,0.8184522404517338,0.8220894286755538,0.846867561340332,1572864.0,0.3115662105212719,0.5877405694987948,0.13927296439058506,0.22422347944980456,0.00020303960708330126,0.846867561340332,0.846867561340332,0,0,0,0,1
0.8587446212768555,0.22026017428464376,0.8477594755843211,0.7174892425537109,0.1916403695644744,0.5254772086211473,1.0,0.5874695706347661,0.3522849988362776,0.6168332563464862,0.8587446212768555,0.14125537872314453,0.14125537872314453,0.8268236793270202,0.14125537872314453,0.18510021401730845,0.8205204071254979,0.2669733102053479,0.7174892425537109,0.001019034111023442,0.23366651269297245,0.2336666344983997,0.06431102352159301,0.9619989395141602,0.8587446212768555,0.3326043288940196,0.25239255660974164,0.8072984508071386,0.8156737490103296,0.8587446212768555,1572864.0,0.23305083649073186,0.6517805941563591,0.23366651269297245,0.31237900698683874,0.00019636945187458764,0.8587446212768555,0.8587446212768555,1,0,0,0,0
0.6475296020507812,0.0016018296445192645,0.5704250233589443,0.2950592041015625,0.14036020341501532,0.42164071667532504,1.0,0.8785762098981904,0.6811596085494408,0.4831678805762507,0.6475296020507812,0.35247039794921875,0.35247039794921875,0.4651507049270883,0.35247039794921875,0.1060175800997528,1.458259759766247,0.003523757397465882,0.2950592041015625,0.0007615086732252023,-0.033664238847498605,-0.03366407455099265,1.121704051820771e-05,0.8617324829101562,0.6475296020507812,0.7313903281951697,0.5812112696319085,0.6462831898243167,0.6590088108860073,0.6475296020507812,1572864.0,0.5796835498680566,0.8785874269387086,-0.033664238847498605,0.19171047912310932,0.0002693584188143354,0.6475296020507812,0.6475296020507812,0,0,0,1,0
0.932021141052246,-0.00812601763427255,0.931430864730966,0.8640422821044922,0.0,0.4681944264792538,1.0,0.04239408336611837,0.4966304871446369,0.4824073201107079,0.932021141052246,0.0679788589477539,0.0679788589477539,0.9272433348031472,0.0679788589477539,0.0,0.3828579365179515,-0.008764892407815075,0.8640422821044922,0.0021059852339059106,-0.035185359778584134,-0.03518519524030297,0.0004412142720836634,0.9366855621337892,0.932021141052246,0.18865336850178,0.1563596417236096,0.9326117914497444,0.9343317036841654,0.932021141052246,1572864.0,0.34046385315183314,0.042835297638202034,-0.035185359778584134,0.0,0.00014191857214621012,0.932021141052246,0.932021141052246,0,0,0,1,0
0.9876813888549804,0.5883819796655106,0.9873731586346882,0.9753627777099608,0.5776661742983752,0.7853733618749942,1.0,0.07281928884407378,0.111388439021721,0.7979713564490358,0.9876813888549804,0.012318611145019531,0.012318611145019531,0.9872940179114004,0.012318611145019531,0.4308187186040363,0.1841269774343592,0.5959541735819244,0.9753627777099608,0.0020398470421909808,0.5959427128980717,0.5959427771212491,0.04636734004278162,0.9851741790771484,0.9876813888549804,0.06549750416767512,0.0562102367433186,0.9695118465788256,0.9695127113450326,0.9876813888549804,1572864.0,0.1113076885902855,0.11918662888685537,0.5959427128980717,0.6021988851590651,6.219116957804765e-05,0.9876813888549804,0.9876813888549804,0,0,0,1,0
0.9904346466064452,0.0,0.9904346466064452,0.9808692932128906,0.0,0.4952173233032226,1.0,-0.0,-0.0,0.4975971696910866,0.9904346466064452,0.009565353393554688,0.009565353393554688,0.9903427130453952,0.009565353393554688,0.0,0.077897741532248,0.0,0.9808692932128906,0.005737224154347046,-0.004805660617826845,-0.0048055009082721475,0.0,0.9904346466064452,0.9904346466064452,0.03683163006878381,0.032082032740325735,0.9904346466064452,0.9904803945992172,0.9904346466064452,1572864.0,0.077897741532248,-0.0,-0.004805660617826845,0.0,5.487857653436744e-05,0.9904346466064452,0.9904346466064452,0,0,0,0,1
0.8144559860229492,0.05330207617881122,0.7898636095679287,0.6289119720458984,0.1636407358422508,0.5261987103381567,1.0,0.5233037937643058,0.4875045128686687,0.5344788266763034,0.8144559860229492,0.1855440139770508,0.1855440139770508,0.7682766994786031,0.1855440139770508,0.09496585601845822,1.0095166351534517,0.06938121672424385,0.6289119720458984,0.0010993135115641751,0.06895765335260692,0.06895780133780233,0.003105392949386165,0.8944931030273438,0.8144559860229492,0.5126246323549914,0.4210131409791803,0.8006229647289729,0.8007136682394957,0.8144559860229492,1572864.0,0.486212841389146,0.5264091867136921,0.06895765335260692,0.17345902704907235,0.00021917786876904724,0.8144559860229492,0.8144559860229492,0,0,0,0,1
0.7271032333374023,0.02005614916621609,0.7236351658957291,0.4542064666748047,0.02266812391133577,0.3740165222532477,1.0,0.8426696536625867,0.4810412425383753,0.4425781355179095,0.7271032333374023,0.2728967666625977,0.2728967666625977,0.6386503395217176,0.2728967666625977,0.02266812391133577,0.8980012207590021,0.03235334862910153,0.4542064666748047,0.0008905433335522395,-0.11484372896418098,-0.1148435517645426,0.011724797561273316,0.9936704635620116,0.7271032333374023,0.37069359330619894,0.2589096788292262,0.7179789065812656,0.7552152292087158,0.7271032333374023,1572864.0,0.05533156709641548,0.8543944512238599,-0.11484372896418098,0.04433133952515972,0.00025115200466516716,0.7271032333374023,0.7271032333374023,0,1,0,0,0
0.88616943359375,0.06665960849753365,0.8799526528029185,0.7723388671875,0.08092570610106639,0.494297225657469,1.0,0.4557229222329012,0.2515617012941468,0.5302889179855907,0.88616943359375,0.11383056640625,0.11383056640625,0.8704747512766325,0.11383056640625,0.06464277597975064,0.661783027194208,0.076605831665991,0.7723388671875,0.0014526315685434805,0.060577835971181535,0.06057798528831353,0.004368510630041733,0.967646598815918,0.88616943359375,0.32598138306185803,0.2687736590190183,0.8767259201868001,0.8788291667315207,0.88616943359375,1572864.0,0.2060601049613069,0.460091432862943,0.060577835971181535,0.12143561659968495,0.0001790718199198028,0.88616943359375,0.88616943359375,0,0,0,1,0
0.8573579788208008,0.10545341352632616,0.8529923711975554,0.7147159576416016,0.08310358163150737,0.4703799723284629,1.0,0.5910835000063321,0.27683268662447114,0.5366738230486766,0.8573579788208008,0.14264202117919922,0.14264202117919922,0.8314058384511607,0.14264202117919922,0.08178938450771668,0.7044237595260439,0.12712976147348454,0.7147159576416016,0.00120655314756566,0.07334764609735311,0.07334779338477812,0.02594488799753236,0.984837532043457,0.8573579788208008,0.2974461163775076,0.2257510296123344,0.8365827875859395,0.8460673837621471,0.8573579788208008,1572864.0,0.11334025951971155,0.6170283880038645,0.07334764609735311,0.1512112906246276,0.00019717155200459072,0.8573579788208008,0.8573579788208008,1,0,0,0,0
0.8310785293579102,0.04423873937093215,0.8165624733247575,0.6621570587158203,0.0870615791563743,0.4753128510738136,1.0,0.2918325983312425,0.6707384057195795,0.5169639482262138,0.8310785293579102,0.16892147064208984,0.16892147064208984,0.7952829568951713,0.16892147064208984,0.06805673937978134,0.8804809738810507,0.05569685854414926,0.6621570587158203,0.0011809444103322694,0.033927896452427525,0.033928050005452806,0.0025928580374421357,0.8583097457885742,0.8310785293579102,0.4380140684333557,0.3564234189748988,0.8211152084259083,0.8251461044969801,0.8310785293579102,1572864.0,0.5886483755498082,0.2944254563686846,0.033927896452427525,0.12744030699961084,0.0002112529947028766,0.8310785293579102,0.8310785293579102,0,0,1,0,0
0.6271781921386719,0.0323003129744619,0.6012695272685102,0.2543563842773437,0.0788085663962172,0.3477662086157308,1.0,0.9410401135477866,0.7609516381890793,0.4533952955774418,0.6271781921386719,0.3728218078613281,0.3728218078613281,0.4342319223428414,0.3728218078613281,0.07827751737666576,1.1569793330430027,0.08737256139510281,0.2543563842773437,0.0006673870238764392,-0.09320940884511646,-0.0932092350841604,0.03092967186815887,0.9656124114990234,0.6271781921386719,0.4510472115281967,0.30187152586403915,0.5914852084315498,0.6589657893127878,0.6271781921386719,1572864.0,0.2159392194952164,0.9719697854159456,-0.09320940884511646,0.1451899276674276,0.0002726374709543718,0.6271781921386719,0.6271781921386719,0,0,0,1,0
0.9404697418212892,0.0918565576763652,0.9387756503109812,0.8809394836425781,0.08061701289196645,0.5165451303615637,1.0,0.11845284443779748,0.32249974894098865,0.5450909309037385,0.9404697418212892,0.05953025817871094,0.05953025817871094,0.9363019161682098,0.05953025817871094,0.06439041937707965,0.4083244241791165,0.0981098292749274,0.8809394836425781,0.0020211409457909484,0.09018186180747706,0.09018200641917501,0.005231712697000429,0.9491796493530272,0.9404697418212892,0.1996925188981801,0.16855071450996362,0.933993894033847,0.9345690576174092,0.9404697418212892,1572864.0,0.289871579741319,0.1236845571347979,0.09018186180747706,0.12099022727912805,0.00013340764344040802,0.9404697418212892,0.9404697418212892,0,1,0,0,0
0.8743066787719727,0.005779253225577982,0.8697355612716076,0.7486133575439453,0.02463556473424525,0.4573529498093364,1.0,0.5009558303622873,0.2312385850848265,0.4871062129061767,0.8743066787719727,0.12569332122802734,0.12569332122802734,0.8567542825097105,0.12569332122802734,0.0211734125510583,0.646672044822629,0.0067507338911692106,0.7486133575439453,0.0014769760936676998,-0.025787574187646697,-0.025787411143102762,6.270960668619541e-05,0.9792346954345704,0.8743066787719727,0.32317872346750426,0.2643340680380605,0.8734523895291204,0.8774665199784977,0.8743066787719727,1572864.0,0.14571621446034158,0.5010185399689735,-0.025787574187646697,0.04146878931789587,0.00018690779537626145,0.8743066787719727,0.8743066787719727,0,1,0,0,0
0.7987327575683594,0.2048067023987317,0.7637583179096207,0.5974655151367188,0.2556653672581401,0.5318014808443593,1.0,0.7207666942185285,0.5339466289856525,0.6273675444954843,0.7987327575683594,0.20126724243164065,0.20126724243164065,0.7242682787370978,0.20126724243164065,0.2305190543555938,1.143815230237324,0.28446849451754297,0.5974655151367188,0.0008036785490251957,0.2547350889909685,0.2547352074476359,0.06728020296258896,0.9139785766601562,0.7987327575683594,0.4870524324248203,0.3727474723559896,0.7187164493952878,0.7299386574377422,0.7987327575683594,1572864.0,0.4230485360187953,0.7880468971811174,0.2547350889909685,0.37466962179844265,0.00022606155581465038,0.7987327575683594,0.7987327575683594,0,0,1,0,0
0.9041757583618164,0.3224113577991801,0.8928681238375086,0.8083515167236328,0.3668367609917015,0.6518864049575175,1.0,0.3863973372205727,0.37454795496320586,0.6812209733677284,0.9041757583618164,0.0958242416381836,0.0958242416381836,0.8872259481626588,0.0958242416381836,0.26153133819379115,0.7567316456758824,0.36340502187939977,0.8083515167236328,0.0011025323936646534,0.3624419467354568,0.3624420480725802,0.05839937933635848,0.928813934326172,0.9041757583618164,0.33350594485236384,0.2730509070607686,0.8494737707151216,0.8497011509030017,0.9041757583618164,1572864.0,0.3703343084553096,0.4447967165569312,0.3624419467354568,0.4146251944374858,0.00016596004388277138,0.9041757583618164,0.9041757583618164,0,1,0,0,0
0.8805408477783203,0.20998958785846011,0.8672484163145603,0.7610816955566406,0.2570762570762571,0.5873858061239573,1.0,0.333165457548829,0.4899154160050117,0.6209945211380268,0.8805408477783203,0.11945915222167967,0.11945915222167967,0.8581926390244548,0.11945915222167967,0.18158297071621785,0.8119109389139406,0.2447155510256101,0.7610816955566406,0.0011561521692930224,0.2419890422760536,0.2419891627586505,0.03039661266123883,0.8969001770019531,0.8805408477783203,0.3791939274177543,0.3105424686773418,0.8418355463509215,0.8424044520670577,0.8805408477783203,1572864.0,0.4787454813651115,0.3635620702100678,0.2419890422760536,0.30735542948143724,0.00018286217619142782,0.8805408477783203,0.8805408477783203,0,1,0,0,0
0.8659553527832031,0.28614475139970075,0.8444050089838327,0.7319107055664062,0.34097913541524616,0.6198686162524514,1.0,0.5198529470310594,0.4520638424860882,0.6700177676968535,0.8659553527832031,0.13404464721679688,0.13404464721679688,0.8317905108180097,0.13404464721679688,0.26242102390797845,0.9548572864297916,0.34412133210509016,0.7319107055664062,0.0009399092733245293,0.3400355353937071,0.3400356402922337,0.06403449616159962,0.9104385375976562,0.8659553527832031,0.4216046570832271,0.3391063401643987,0.7956258470076136,0.7968911139832926,0.8659553527832031,1572864.0,0.4350043393987322,0.5838874431926591,0.3400355353937071,0.4157424804216617,0.00019209316162539008,0.8659553527832031,0.8659553527832031,0,0,0,1,0
0.9493074417114258,0.2019948610712527,0.9471883498707804,0.8986148834228516,0.23743167077350102,0.6054392037181081,1.0,0.19732828118377405,0.20928130288125255,0.6067822026246026,0.9493074417114258,0.05069255828857422,0.05069255828857422,0.9458147338793584,0.05069255828857422,0.13622477168578764,0.40659983896444896,0.21356706975880932,0.8986148834228516,0.0019188120823412007,0.2135644052492052,0.213564530249776,0.015153689068041069,0.966989517211914,0.9493074417114258,0.19385940565451612,0.16478956753968516,0.9355411550823192,0.9355413734742796,0.9493074417114258,1572864.0,0.20927155778067486,0.21248197025181512,0.2135644052492052,0.2397849001015432,0.00012368441044180372,0.9493074417114258,0.9493074417114258,0,0,0,0,1
0.9292364120483398,0.0,0.9292364120483398,0.8584728240966797,0.0,0.4646182060241699,1.0,0.36876677226183335,0.1058824077527659,0.4816602082798842,0.9292364120483398,0.07076358795166016,0.07076358795166016,0.9240522289483803,0.07076358795166016,0.0,0.36876677226183335,0.0,0.8584728240966797,0.0020431375384362587,-0.03667958344023162,-0.0366794186644489,0.0,1.0,0.9292364120483398,0.16873149197500373,0.13518849179130693,0.9292364120483398,0.9317401547382359,0.9292364120483398,1572864.0,-0.0,0.36876677226183335,-0.03667958344023162,0.0,0.00014457974289847257,0.9292364120483398,0.9292364120483398,0,0,1,0,0
0.9617204666137696,0.15642029123870854,0.9606899940845184,0.9234409332275392,0.15446647977018654,0.5653556120267808,1.0,0.1735856104435099,0.13921573884201838,0.5811618258670159,0.9617204666137696,0.03827953338623047,0.03827953338623047,0.9598874311938224,0.03827953338623047,0.10006277745392583,0.31072337125260474,0.16295717132391166,0.9234409332275392,0.0023655286239362035,0.16232365173403193,0.16232378487910254,0.008389929686416303,0.9807624816894532,0.9617204666137696,0.1510925275714721,0.12985532954972132,0.9542681305247244,0.9543027167169384,0.9617204666137696,1572864.0,0.13713776080909473,0.1819755401299262,0.16232365173403193,0.18192194028329767,0.00010818004626987912,0.9617204666137696,0.9617204666137696,0,0,0,0,1
0.968440055847168,0.008390259946071614,0.9681573970123556,0.936880111694336,0.010405199048261655,0.4918447357085735,1.0,0.17828463580060425,0.06653851433858632,0.5006810207051533,0.968440055847168,0.03155994415283203,0.03155994415283203,0.9674101181792024,0.03155994415283203,0.00877613370874019,0.22570759812310334,0.008672985148954603,0.936880111694336,0.0030961687034721523,0.0013620414103066695,0.0013622001395354186,7.87392192787284e-05,0.9947357177734376,0.968440055847168,0.11434937016610637,0.09873268351061323,0.9681639421905855,0.9683970112678252,0.968440055847168,1572864.0,0.047422962322499186,0.17836337501988295,0.0013620414103066695,0.017399566495442262,9.85698058314389e-05,0.968440055847168,0.968440055847168,0,1,0,0,0
0.8701086044311523,0.20661250479472626,0.8585838466071116,0.7402172088623047,0.19716069947422896,0.5400636839364805,1.0,0.5412820462878001,0.3360962320910084,0.6126903529415325,0.8701086044311523,0.12989139556884766,0.12989139556884766,0.8439397746336242,0.12989139556884766,0.17435424913465444,0.8088066209476971,0.2450582800220417,0.7402172088623047,0.0011016645697431706,0.22538070588306502,0.22538082900548576,0.0406552678827663,0.9543724060058594,0.8701086044311523,0.3560370819637517,0.2825081047905011,0.8279451351918397,0.8323158272000909,0.8701086044311523,1572864.0,0.2675245746598969,0.5819373141705664,0.22538070588306502,0.2969363788875984,0.0001895467486111014,0.8701086044311523,0.8701086044311523,0,0,0,0,1
0.8480567932128906,0.04118550655357602,0.8353541005298625,0.6961135864257812,0.0879084704937776,0.4866901250104143,1.0,0.5239475580360361,0.3386861536510169,0.5188388460250417,0.8480567932128906,0.15194320678710938,0.15194320678710938,0.8195679809327822,0.15194320678710938,0.06430261991037921,0.8272917408733198,0.05028037270547781,0.6961135864257812,0.0012650469796378569,0.0376776920500834,0.03767784500709493,0.0018966513582101552,0.945953369140625,0.8480567932128906,0.4181008535358292,0.3440539643968548,0.8400125653715804,0.8421077787224931,0.8480567932128906,1572864.0,0.30334418283728376,0.5258442093942461,0.0376776920500834,0.12083521868205847,0.0002023916209566913,0.8480567932128906,0.8480567932128906,0,0,1,0,0
0.9612598419189452,-0.007937368562544742,0.9609421719653204,0.9225196838378906,0.0,0.4828813619408884,1.0,0.21421205706100546,0.07251754426059819,0.4901236548944095,0.9612598419189452,0.03874015808105469,0.03874015808105469,0.9597299941351598,0.03874015808105469,0.0,0.25703259632678216,-0.00827056897003039,0.9225196838378906,0.002831758494208709,-0.01975269021118097,-0.01975252812585504,0.00023377798881413223,0.9953374862670898,0.9612598419189452,0.1302165055296525,0.1113930368145647,0.9615776168884622,0.962010241843018,0.9612598419189452,1572864.0,0.042820539265776655,0.2144458350498196,-0.01975269021118097,0.0,0.00010880290974383836,0.9612598419189452,0.9612598419189452,0,0,1,0,0
0.8549528121948242,0.07235610078203007,0.8423952481406901,0.7099056243896484,0.1136980954084869,0.5018886700089232,1.0,0.29971936430474644,0.5637177909278259,0.5379809677326901,0.8549528121948242,0.14504718780517578,0.14504718780517578,0.8279451959073012,0.14504718780517578,0.08418536315136625,0.8211802717152348,0.0874350710942855,0.7099056243896484,0.001249164421692129,0.0759619354653801,0.07596208233727525,0.00526481787966271,0.8827304840087891,0.8549528121948242,0.4075500632901071,0.3345573399101464,0.8410554874390073,0.8430289905013524,0.8549528121948242,1572864.0,0.5214609074104885,0.30498418218440915,0.0759619354653801,0.15529699258559884,0.00019854783011438983,0.8549528121948242,0.8549528121948242,0,0,1,0,0
0.7974557876586914,0.06343101759140984,0.7777388799839177,0.5949115753173828,0.10427235095978248,0.4631566136729772,1.0,0.2950278961148669,0.8575974380087941,0.5234888190684857,0.7974557876586914,0.2025442123413086,0.2025442123413086,0.7427917604926696,0.2025442123413086,0.08824236492113781,0.9922880802331184,0.08573913923929742,0.5949115753173828,0.0010228287631808607,0.04697763813697122,0.04697778961579596,0.0071060506104527734,0.8120040893554688,0.7974557876586914,0.4741703592763265,0.37647295543628856,0.7784612455434399,0.7874717105846685,0.7974557876586914,1572864.0,0.6972601841182516,0.3021339467253197,0.04697763813697122,0.1621741034269191,0.00022659621021743173,0.7974557876586914,0.7974557876586914,0,0,0,1,0
0.8100366592407227,0.11129093478377323,0.7845982213031917,0.6200733184814453,0.1725289884378653,0.5090836433749923,1.0,0.6469484933760191,0.44750981082606217,0.5648457925350878,0.8100366592407227,0.18996334075927732,0.18996334075927732,0.7569958242256088,0.18996334075927732,0.13520424776302134,1.039258901484836,0.14729071862201087,0.6200733184814453,0.0009927910280436824,0.1296915850701757,0.1296917234019728,0.015630800560313185,0.9227790832519532,0.8100366592407227,0.4957737053243398,0.3975314176742232,0.7772237913814024,0.781728709615436,0.8100366592407227,1572864.0,0.3923104081088168,0.6625792939363323,0.1296915850701757,0.2382025050196004,0.0002211702211781313,0.8100366592407227,0.8100366592407227,0,1,0,0,0
0.9102649688720704,0.0922944791460445,0.9048298266409316,0.8205299377441406,0.1359672217468571,0.5416956726159651,1.0,0.3139109225075517,0.2773710670486008,0.5510141802582554,0.9102649688720704,0.08973503112792969,0.08973503112792969,0.9003020746795963,0.08973503112792969,0.08072725851675996,0.5897592386830514,0.10251573300209037,0.8205299377441406,0.001611644186334308,0.1020283605165108,0.10202850324525943,0.0053688652902108,0.9524612426757812,0.9102649688720704,0.2967516800078033,0.2498544992495429,0.9000149256899022,0.9000691924084094,0.9102649688720704,1572864.0,0.2758483161754997,0.3192797877977625,0.1020283605165108,0.14939432290725005,0.00016114036373207294,0.9102649688720704,0.9102649688720704,0,0,0,1,0
0.8345298767089844,-0.001654441393260217,0.826981457526022,0.6690597534179688,0.024649601724238662,0.4387858444318047,1.0,0.6020288559086759,0.2947183543584898,0.4756885613374691,0.8345298767089844,0.16547012329101562,0.16547012329101562,0.8035269029007994,0.16547012329101562,0.021415075716984856,0.774948018335258,-0.0020633689736752944,0.6690597534179688,0.0012688075432879984,-0.04862287732506183,-0.04862271065094422,6.72624159503421e-06,0.9741907119750975,0.8345298767089844,0.3858738160727621,0.31095666649071263,0.8348705995904311,0.8422024477349623,0.8345298767089844,1572864.0,0.1729191624265821,0.602035582150271,-0.04862287732506183,0.04193217082086338,0.00020951742885828536,0.8345298767089844,0.8345298767089844,0,0,1,0,0
0.9241886138916016,0.0,0.9241886138916016,0.8483772277832031,0.0,0.4620943069458008,1.0,0.3872455828593265,0.1137407794397321,0.4803004275253784,0.9241886138916016,0.07581138610839844,0.07581138610839844,0.9182240650366116,0.07581138610839844,0.0,0.3872455828593265,0.0,0.8483772277832031,0.0019685774421295483,-0.03939914494924313,-0.03939897974119829,0.0,1.0,0.9241886138916016,0.17685628389097022,0.14106382478298507,0.9241886138916016,0.92706229702344,0.9241886138916016,1572864.0,-0.0,0.3872455828593265,-0.03939914494924313,0.0,0.00014924058454956655,0.9241886138916016,0.9241886138916016,1,0,0,0,0
0.9359521865844728,-0.02431346964260396,0.9343261245459904,0.8719043731689453,0.0,0.4763091966753088,1.0,0.2703542140764457,0.14498754023868182,0.4834583173439514,0.9359521865844728,0.06404781341552734,0.06404781341552734,0.9317189854441412,0.06404781341552734,0.0,0.3974897832617675,-0.02609612487632371,0.8719043731689453,0.0022115773900397762,-0.033083365312097136,-0.033083201107919034,0.0012141371740470586,0.9825048446655272,0.9359521865844728,0.21166742171122516,0.18114725128174394,0.9375810785531941,0.9380032477861278,0.9359521865844728,1572864.0,0.12713556918532176,0.2715683512504928,-0.033083365312097136,0.0,0.00013804427538242512,0.9359521865844728,0.9359521865844728,0,0,0,1,0
0.9719400405883788,-0.0055314412984520285,0.9717811464268884,0.9438800811767578,0.0,0.4875280442010094,1.0,0.16782633594313184,0.05324158993560304,0.4928851895001714,0.9719400405883788,0.02805995941162109,0.02805995941162109,0.9711416370754236,0.02805995941162109,0.0,0.1989211426613138,-0.005695850267400441,0.9438800811767578,0.003337200437559084,-0.014229620999657112,-0.014229459792199028,0.00011627415055798228,0.9968042373657228,0.9719400405883788,0.10042715440411516,0.08668316621907206,0.9720989607303636,0.9723337212494698,0.9719400405883788,1572864.0,0.031094806718181905,0.16794261009368985,-0.014229620999657112,0.0,9.311136045898372e-05,0.9719400405883788,0.9719400405883788,0,0,0,1,0
0.9181785583496094,0.0,0.9181785583496094,0.8363571166992188,0.0,0.4590892791748047,1.0,-0.0,-0.0,0.4786720998172378,0.9181785583496094,0.08182144165039062,0.08182144165039062,0.9112109179306086,0.08182144165039062,0.0,0.4085648594611396,0.0,0.8363571166992188,0.0018887280306354886,-0.04265580036552455,-0.042655634639847805,0.0,0.9181785583496094,0.9181785583496094,0.1861893647794741,0.14774404576569616,0.9181785583496094,0.9215259325064836,0.9181785583496094,1572864.0,0.4085648594611396,-0.0,-0.04265580036552455,0.0,0.00015453845035209884,0.9181785583496094,0.9181785583496094,0,0,0,0,1
